stack_id,job_name,producto,ref,sec,fecha_ref,fecha_sec,dias
ASCENDING_R77_F1199,suarez_2024_2026_v1_ASCENDING_R77_F1199,S1CC_20250503T230507_20250527T230510_VVP024_INT80_G_weF_3E6E,20250503T230507,20250527T230510,2025-05-03,2025-05-27,24
ASCENDING_R77_F1199,suarez_2024_2026_v1_ASCENDING_R77_F1199,S1CC_20250503T230507_20250620T230511_VVP048_INT80_G_weF_7404,20250503T230507,20250620T230511,2025-05-03,2025-06-20,48
ASCENDING_R77_F1199,suarez_2024_2026_v1_ASCENDING_R77_F1199,S1CC_20250527T230510_20250620T230511_VVP024_INT80_G_weF_844E,20250527T230510,20250620T230511,2025-05-27,2025-06-20,24
ASCENDING_R77_F1199,suarez_2024_2026_v1_ASCENDING_R77_F1199,S1CC_20250527T230510_20250714T230512_VVP048_INT80_G_weF_AF2E,20250527T230510,20250714T230512,2025-05-27,2025-07-14,48
ASCENDING_R77_F1199,suarez_2024_2026_v1_ASCENDING_R77_F1199,S1CC_20250620T230511_20250714T230512_VVP024_INT80_G_weF_11D5,20250620T230511,20250714T230512,2025-06-20,2025-07-14,24
ASCENDING_R77_F1199,suarez_2024_2026_v1_ASCENDING_R77_F1199,S1CC_20250620T230511_20250807T230514_VVP048_INT80_G_weF_D28B,20250620T230511,20250807T230514,2025-06-20,2025-08-07,48
ASCENDING_R77_F1199,suarez_2024_2026_v1_ASCENDING_R77_F1199,S1CC_20250714T230512_20250807T230514_VVP024_INT80_G_weF_20E2,20250714T230512,20250807T230514,2025-07-14,2025-08-07,24
ASCENDING_R77_F1199,suarez_2024_2026_v1_ASCENDING_R77_F1199,S1CC_20250714T230512_20250831T230515_VVP048_INT80_G_weF_962F,20250714T230512,20250831T230515,2025-07-14,2025-08-31,48
ASCENDING_R77_F1199,suarez_2024_2026_v1_ASCENDING_R77_F1199,S1CC_20250807T230514_20250831T230515_VVP024_INT80_G_weF_E5EE,20250807T230514,20250831T230515,2025-08-07,2025-08-31,24
ASCENDING_R77_F1199,suarez_2024_2026_v1_ASCENDING_R77_F1199,S1CC_20250807T230514_20250924T230515_VVP048_INT80_G_weF_D502,20250807T230514,20250924T230515,2025-08-07,2025-09-24,48
ASCENDING_R77_F1199,suarez_2024_2026_v1_ASCENDING_R77_F1199,S1CC_20250831T230515_20250924T230515_VVP024_INT80_G_weF_C38F,20250831T230515,20250924T230515,2025-08-31,2025-09-24,24
ASCENDING_R77_F1199,suarez_2024_2026_v1_ASCENDING_R77_F1199,S1CC_20250831T230515_20251018T230516_VVP048_INT80_G_weF_FFA4,20250831T230515,20251018T230516,2025-08-31,2025-10-18,48
ASCENDING_R77_F1199,suarez_2024_2026_v1_ASCENDING_R77_F1199,S1CC_20250924T230515_20251018T230516_VVP024_INT80_G_weF_8551,20250924T230515,20251018T230516,2025-09-24,2025-10-18,24
ASCENDING_R77_F1199,suarez_2024_2026_v1_ASCENDING_R77_F1199,S1CC_20250924T230515_20251111T230515_VVP048_INT80_G_weF_B729,20250924T230515,20251111T230515,2025-09-24,2025-11-11,48
ASCENDING_R77_F1199,suarez_2024_2026_v1_ASCENDING_R77_F1199,S1CC_20251018T230516_20251111T230515_VVP024_INT80_G_weF_DE2B,20251018T230516,20251111T230515,2025-10-18,2025-11-11,24
ASCENDING_R77_F1199,suarez_2024_2026_v1_ASCENDING_R77_F1199,S1CC_20251018T230516_20251205T230514_VVP048_INT80_G_weF_1F0F,20251018T230516,20251205T230514,2025-10-18,2025-12-05,48
ASCENDING_R77_F1199,suarez_2024_2026_v1_ASCENDING_R77_F1199,S1CC_20251111T230515_20251205T230514_VVP024_INT80_G_weF_BBFD,20251111T230515,20251205T230514,2025-11-11,2025-12-05,24
ASCENDING_R77_F1199,suarez_2024_2026_v1_ASCENDING_R77_F1199,S1CC_20251111T230515_20251229T230513_VVP048_INT80_G_weF_7442,20251111T230515,20251229T230513,2025-11-11,2025-12-29,48
ASCENDING_R77_F1199,suarez_2024_2026_v1_ASCENDING_R77_F1199,S1CC_20251205T230514_20251229T230513_VVP024_INT80_G_weF_1AB6,20251205T230514,20251229T230513,2025-12-05,2025-12-29,24
ASCENDING_R77_F1199,suarez_2024_2026_v1_ASCENDING_R77_F1199,S1CC_20251205T230514_20260122T230511_VVP048_INT80_G_weF_8E70,20251205T230514,20260122T230511,2025-12-05,2026-01-22,48
ASCENDING_R77_F1199,suarez_2024_2026_v1_ASCENDING_R77_F1199,S1CC_20251229T230513_20260122T230511_VVP024_INT80_G_weF_E23D,20251229T230513,20260122T230511,2025-12-29,2026-01-22,24
ASCENDING_R77_F1199,suarez_2024_2026_v1_ASCENDING_R77_F1199,S1CC_20251229T230513_20260215T230511_VVP048_INT80_G_weF_6DAE,20251229T230513,20260215T230511,2025-12-29,2026-02-15,48
ASCENDING_R77_F1199,suarez_2024_2026_v1_ASCENDING_R77_F1199,S1CC_20260122T230511_20260215T230511_VVP024_INT80_G_weF_CDBD,20260122T230511,20260215T230511,2026-01-22,2026-02-15,24
ASCENDING_R77_F1199,suarez_2024_2026_v1_ASCENDING_R77_F1199,S1CC_20260122T230511_20260311T230511_VVP048_INT80_G_weF_282C,20260122T230511,20260311T230511,2026-01-22,2026-03-11,48
ASCENDING_R77_F1199,suarez_2024_2026_v1_ASCENDING_R77_F1199,S1CC_20260215T230511_20260311T230511_VVP024_INT80_G_weF_7513,20260215T230511,20260311T230511,2026-02-15,2026-03-11,24
ASCENDING_R77_F1199,suarez_2024_2026_v1_ASCENDING_R77_F1199,S1CC_20260215T230511_20260404T230512_VVP048_INT80_G_weF_EAE5,20260215T230511,20260404T230512,2026-02-15,2026-04-04,48
ASCENDING_R77_F1199,suarez_2024_2026_v1_ASCENDING_R77_F1199,S1CC_20260311T230511_20260404T230512_VVP024_INT80_G_weF_2A4F,20260311T230511,20260404T230512,2026-03-11,2026-04-04,24
ASCENDING_R77_F1199,suarez_2024_2026_v1_ASCENDING_R77_F1199,S1CC_20260311T230511_20260428T230513_VVP048_INT80_G_weF_FC21,20260311T230511,20260428T230513,2026-03-11,2026-04-28,48
ASCENDING_R77_F1199,suarez_2024_2026_v1_ASCENDING_R77_F1199,S1CC_20260404T230512_20260428T230513_VVP024_INT80_G_weF_3D9D,20260404T230512,20260428T230513,2026-04-04,2026-04-28,24
ASCENDING_R77_F1199,suarez_2024_2026_v1_ASCENDING_R77_F1199,S1CC_20260428T230513_20260522T230515_VVP024_INT80_G_weF_71B9,20260428T230513,20260522T230515,2026-04-28,2026-05-22,24
ASCENDING_R77_F1199,suarez_2024_2026_v1_ASCENDING_R77_F1199,S1CC_20260522T230515_20260704T230514_VVP043_INT80_G_weF_EA83,20260522T230515,20260704T230514,2026-05-22,2026-07-04,43
ASCENDING_R77_F1199,suarez_2024_2026_v1_ASCENDING_R77_F1199,S1CC_20260704T230514_20260728T230518_VVP024_INT80_G_weF_DF94,20260704T230514,20260728T230518,2026-07-04,2026-07-28,24
ASCENDING_R77_F1199,suarez_2024_2026_v1_ASCENDING_R77_F1199,S1CC_20260704T230514_20260809T230519_VVP036_INT80_G_weF_B37C,20260704T230514,20260809T230519,2026-07-04,2026-08-09,36
ASCENDING_R77_F1199,suarez_2024_2026_v1_ASCENDING_R77_F1199,S1CC_20260728T230518_20260809T230519_VVP012_INT80_G_weF_1330,20260728T230518,20260809T230519,2026-07-28,2026-08-09,12
ASCENDING_R77_F1199,suarez_2024_2026_v1_ASCENDING_R77_F1199,S1CC_20260728T230518_20260821T230519_VVP024_INT80_G_weF_1005,20260728T230518,20260821T230519,2026-07-28,2026-08-21,24
ASCENDING_R77_F1199,suarez_2024_2026_v1_ASCENDING_R77_F1199,S1CC_20260809T230519_20260821T230519_VVP012_INT80_G_weF_BC6B,20260809T230519,20260821T230519,2026-08-09,2026-08-21,12
ASCENDING_R77_F1199,suarez_2024_2026_v1_ASCENDING_R77_F1199,S1CC_20260809T230519_20260914T230520_VVR036_INT80_G_weF_1BC3,20260809T230519,20260914T230520,2026-08-09,2026-09-14,36
ASCENDING_R77_F1199,suarez_2024_2026_v1_ASCENDING_R77_F1199,S1CC_20260821T230519_20260914T230520_VVR024_INT80_G_weF_D1CD,20260821T230519,20260914T230520,2026-08-21,2026-09-14,24
ASCENDING_R77_F1199,suarez_2024_2026_v1_ASCENDING_R77_F1199,S1CD_20260404T230512_20260429T230523_VVP025_INT80_G_weF_B309,20260404T230512,20260429T230523,2026-04-04,2026-04-29,25
ASCENDING_R77_F1199,suarez_2024_2026_v1_ASCENDING_R77_F1199,S1CD_20260428T230513_20260429T230523_VVP001_INT80_G_weF_7A66,20260428T230513,20260429T230523,2026-04-28,2026-04-29,1
ASCENDING_R77_F1199,suarez_2024_2026_v1_ASCENDING_R77_F1199,S1CD_20260522T230515_20260616T230526_VVP025_INT80_G_weF_8F5A,20260522T230515,20260616T230526,2026-05-22,2026-06-16,25
ASCENDING_R77_F1199,suarez_2024_2026_v1_ASCENDING_R77_F1199,S1DC_20260429T230523_20260522T230515_VVP023_INT80_G_weF_84C0,20260429T230523,20260522T230515,2026-04-29,2026-05-22,23
ASCENDING_R77_F1199,suarez_2024_2026_v1_ASCENDING_R77_F1199,S1DC_20260616T230526_20260704T230514_VVP018_INT80_G_weF_042E,20260616T230526,20260704T230514,2026-06-16,2026-07-04,18
ASCENDING_R77_F1199,suarez_2024_2026_v1_ASCENDING_R77_F1199,S1DC_20260616T230526_20260728T230518_VVP042_INT80_G_weF_DAA2,20260616T230526,20260728T230518,2026-06-16,2026-07-28,42
ASCENDING_R77_F1199,suarez_2024_2026_v1_ASCENDING_R77_F1199,S1DD_20260429T230523_20260616T230526_VVP048_INT80_G_weF_58A3,20260429T230523,20260616T230526,2026-04-29,2026-06-16,48
ASCENDING_R77_F1200,suarez_2024_2026_v1_ASCENDING_R77_F1200,S1CC_20250515T230516_20250608T230519_VVP024_INT80_G_weF_59FB,20250515T230516,20250608T230519,2025-05-15,2025-06-08,24
ASCENDING_R77_F1200,suarez_2024_2026_v1_ASCENDING_R77_F1200,S1CC_20250515T230516_20250702T230520_VVP048_INT80_G_weF_567A,20250515T230516,20250702T230520,2025-05-15,2025-07-02,48
ASCENDING_R77_F1200,suarez_2024_2026_v1_ASCENDING_R77_F1200,S1CC_20250608T230519_20250702T230520_VVP024_INT80_G_weF_8D80,20250608T230519,20250702T230520,2025-06-08,2025-07-02,24
ASCENDING_R77_F1200,suarez_2024_2026_v1_ASCENDING_R77_F1200,S1CC_20250608T230519_20250726T230522_VVP048_INT80_G_weF_F7D1,20250608T230519,20250726T230522,2025-06-08,2025-07-26,48
ASCENDING_R77_F1200,suarez_2024_2026_v1_ASCENDING_R77_F1200,S1CC_20250702T230520_20250726T230522_VVP024_INT80_G_weF_5532,20250702T230520,20250726T230522,2025-07-02,2025-07-26,24
ASCENDING_R77_F1200,suarez_2024_2026_v1_ASCENDING_R77_F1200,S1CC_20250702T230520_20250819T230522_VVP048_INT80_G_weF_4A9E,20250702T230520,20250819T230522,2025-07-02,2025-08-19,48
ASCENDING_R77_F1200,suarez_2024_2026_v1_ASCENDING_R77_F1200,S1CC_20250726T230522_20250819T230522_VVP024_INT80_G_weF_205B,20250726T230522,20250819T230522,2025-07-26,2025-08-19,24
ASCENDING_R77_F1200,suarez_2024_2026_v1_ASCENDING_R77_F1200,S1CC_20250726T230522_20250912T230523_VVP048_INT80_G_weF_8A1A,20250726T230522,20250912T230523,2025-07-26,2025-09-12,48
ASCENDING_R77_F1200,suarez_2024_2026_v1_ASCENDING_R77_F1200,S1CC_20250819T230522_20250912T230523_VVP024_INT80_G_weF_F725,20250819T230522,20250912T230523,2025-08-19,2025-09-12,24
ASCENDING_R77_F1200,suarez_2024_2026_v1_ASCENDING_R77_F1200,S1CC_20250819T230522_20251006T230524_VVP048_INT80_G_weF_BF7E,20250819T230522,20251006T230524,2025-08-19,2025-10-06,48
ASCENDING_R77_F1200,suarez_2024_2026_v1_ASCENDING_R77_F1200,S1CC_20250912T230523_20251006T230524_VVP024_INT80_G_weF_EC6C,20250912T230523,20251006T230524,2025-09-12,2025-10-06,24
ASCENDING_R77_F1200,suarez_2024_2026_v1_ASCENDING_R77_F1200,S1CC_20250912T230523_20251030T230524_VVP048_INT80_G_weF_E507,20250912T230523,20251030T230524,2025-09-12,2025-10-30,48
ASCENDING_R77_F1200,suarez_2024_2026_v1_ASCENDING_R77_F1200,S1CC_20251006T230524_20251030T230524_VVP024_INT80_G_weF_C48A,20251006T230524,20251030T230524,2025-10-06,2025-10-30,24
ASCENDING_R77_F1200,suarez_2024_2026_v1_ASCENDING_R77_F1200,S1CC_20251006T230524_20251123T230523_VVP048_INT80_G_weF_12D8,20251006T230524,20251123T230523,2025-10-06,2025-11-23,48
ASCENDING_R77_F1200,suarez_2024_2026_v1_ASCENDING_R77_F1200,S1CC_20251030T230524_20251123T230523_VVP024_INT80_G_weF_C8F5,20251030T230524,20251123T230523,2025-10-30,2025-11-23,24
ASCENDING_R77_F1200,suarez_2024_2026_v1_ASCENDING_R77_F1200,S1CC_20251030T230524_20251217T230522_VVP048_INT80_G_weF_A401,20251030T230524,20251217T230522,2025-10-30,2025-12-17,48
ASCENDING_R77_F1200,suarez_2024_2026_v1_ASCENDING_R77_F1200,S1CC_20251123T230523_20251217T230522_VVP024_INT80_G_weF_964D,20251123T230523,20251217T230522,2025-11-23,2025-12-17,24
ASCENDING_R77_F1200,suarez_2024_2026_v1_ASCENDING_R77_F1200,S1CC_20251123T230523_20260110T230520_VVP048_INT80_G_weF_DA29,20251123T230523,20260110T230520,2025-11-23,2026-01-10,48
ASCENDING_R77_F1200,suarez_2024_2026_v1_ASCENDING_R77_F1200,S1CC_20251217T230522_20260110T230520_VVP024_INT80_G_weF_680F,20251217T230522,20260110T230520,2025-12-17,2026-01-10,24
ASCENDING_R77_F1200,suarez_2024_2026_v1_ASCENDING_R77_F1200,S1CC_20251217T230522_20260416T230521_VVP120_INT80_G_weF_32D4,20251217T230522,20260416T230521,2025-12-17,2026-04-16,120
ASCENDING_R77_F1200,suarez_2024_2026_v1_ASCENDING_R77_F1200,S1CC_20260110T230520_20260416T230521_VVP096_INT80_G_weF_8ABD,20260110T230520,20260416T230521,2026-01-10,2026-04-16,96
ASCENDING_R77_F1200,suarez_2024_2026_v1_ASCENDING_R77_F1200,S1CC_20260416T230521_20260510T230522_VVP024_INT80_G_weF_47D7,20260416T230521,20260510T230522,2026-04-16,2026-05-10,24
ASCENDING_R77_F1200,suarez_2024_2026_v1_ASCENDING_R77_F1200,S1CC_20260510T230522_20260603T230523_VVP024_INT80_G_weF_A833,20260510T230522,20260603T230523,2026-05-10,2026-06-03,24
ASCENDING_R77_F1200,suarez_2024_2026_v1_ASCENDING_R77_F1200,S1CC_20260603T230523_20260716T230523_VVP043_INT80_G_weF_B2DD,20260603T230523,20260716T230523,2026-06-03,2026-07-16,43
ASCENDING_R77_F1200,suarez_2024_2026_v1_ASCENDING_R77_F1200,S1CC_20260716T230523_20260902T230525_VVR048_INT80_G_weF_C84E,20260716T230523,20260902T230525,2026-07-16,2026-09-02,48
ASCENDING_R77_F1200,suarez_2024_2026_v1_ASCENDING_R77_F1200,S1CD_20260110T230520_20260417T230531_VVP097_INT80_G_weF_5CD9,20260110T230520,20260417T230531,2026-01-10,2026-04-17,97
ASCENDING_R77_F1200,suarez_2024_2026_v1_ASCENDING_R77_F1200,S1CD_20260416T230521_20260417T230531_VVP001_INT80_G_weF_CBE1,20260416T230521,20260417T230531,2026-04-16,2026-04-17,1
ASCENDING_R77_F1200,suarez_2024_2026_v1_ASCENDING_R77_F1200,S1CD_20260510T230522_20260604T230533_VVP025_INT80_G_weF_977B,20260510T230522,20260604T230533,2026-05-10,2026-06-04,25
ASCENDING_R77_F1200,suarez_2024_2026_v1_ASCENDING_R77_F1200,S1CD_20260603T230523_20260604T230533_VVP001_INT80_G_weF_EB01,20260603T230523,20260604T230533,2026-06-03,2026-06-04,1
ASCENDING_R77_F1200,suarez_2024_2026_v1_ASCENDING_R77_F1200,S1DC_20260417T230531_20260510T230522_VVP023_INT80_G_weF_7EDC,20260417T230531,20260510T230522,2026-04-17,2026-05-10,23
ASCENDING_R77_F1200,suarez_2024_2026_v1_ASCENDING_R77_F1200,S1DC_20260417T230531_20260603T230523_VVP047_INT80_G_weF_213D,20260417T230531,20260603T230523,2026-04-17,2026-06-03,47
ASCENDING_R77_F1200,suarez_2024_2026_v1_ASCENDING_R77_F1200,S1DC_20260604T230533_20260716T230523_VVP042_INT80_G_weF_79F9,20260604T230533,20260716T230523,2026-06-04,2026-07-16,42
ASCENDING_R77_F1200,suarez_2024_2026_v1_ASCENDING_R77_F1200,S1DC_20260604T230533_20260902T230525_VVR090_INT80_G_weF_D71F,20260604T230533,20260902T230525,2026-06-04,2026-09-02,90
DESCENDING_R69_F572,suarez_2024_2026_v1_DESCENDING_R69_F572,S1AA_20240103T104304_20240115T104303_VVP012_INT80_G_weF_D272,20240103T104304,20240115T104303,2024-01-03,2024-01-15,12
DESCENDING_R69_F572,suarez_2024_2026_v1_DESCENDING_R69_F572,S1AA_20240103T104304_20240127T104303_VVP024_INT80_G_weF_708F,20240103T104304,20240127T104303,2024-01-03,2024-01-27,24
DESCENDING_R69_F572,suarez_2024_2026_v1_DESCENDING_R69_F572,S1AA_20240115T104303_20240127T104303_VVP012_INT80_G_weF_10C1,20240115T104303,20240127T104303,2024-01-15,2024-01-27,12
DESCENDING_R69_F572,suarez_2024_2026_v1_DESCENDING_R69_F572,S1AA_20240115T104303_20240208T104303_VVP024_INT80_G_weF_F891,20240115T104303,20240208T104303,2024-01-15,2024-02-08,24
DESCENDING_R69_F572,suarez_2024_2026_v1_DESCENDING_R69_F572,S1AA_20240127T104303_20240208T104303_VVP012_INT80_G_weF_673A,20240127T104303,20240208T104303,2024-01-27,2024-02-08,12
DESCENDING_R69_F572,suarez_2024_2026_v1_DESCENDING_R69_F572,S1AA_20240127T104303_20240220T104303_VVP024_INT80_G_weF_710E,20240127T104303,20240220T104303,2024-01-27,2024-02-20,24
DESCENDING_R69_F572,suarez_2024_2026_v1_DESCENDING_R69_F572,S1AA_20240208T104303_20240220T104303_VVP012_INT80_G_weF_E2CA,20240208T104303,20240220T104303,2024-02-08,2024-02-20,12
DESCENDING_R69_F572,suarez_2024_2026_v1_DESCENDING_R69_F572,S1AA_20240208T104303_20240303T104303_VVP024_INT80_G_weF_9F66,20240208T104303,20240303T104303,2024-02-08,2024-03-03,24
DESCENDING_R69_F572,suarez_2024_2026_v1_DESCENDING_R69_F572,S1AA_20240220T104303_20240303T104303_VVP012_INT80_G_weF_89CB,20240220T104303,20240303T104303,2024-02-20,2024-03-03,12
DESCENDING_R69_F572,suarez_2024_2026_v1_DESCENDING_R69_F572,S1AA_20240220T104303_20240315T104303_VVP024_INT80_G_weF_65C5,20240220T104303,20240315T104303,2024-02-20,2024-03-15,24
DESCENDING_R69_F572,suarez_2024_2026_v1_DESCENDING_R69_F572,S1AA_20240303T104303_20240315T104303_VVP012_INT80_G_weF_354B,20240303T104303,20240315T104303,2024-03-03,2024-03-15,12
DESCENDING_R69_F572,suarez_2024_2026_v1_DESCENDING_R69_F572,S1AA_20240303T104303_20240327T104303_VVP024_INT80_G_weF_A0A0,20240303T104303,20240327T104303,2024-03-03,2024-03-27,24
DESCENDING_R69_F572,suarez_2024_2026_v1_DESCENDING_R69_F572,S1AA_20240315T104303_20240327T104303_VVP012_INT80_G_weF_7A1D,20240315T104303,20240327T104303,2024-03-15,2024-03-27,12
DESCENDING_R69_F572,suarez_2024_2026_v1_DESCENDING_R69_F572,S1AA_20240315T104303_20240408T104304_VVP024_INT80_G_weF_32FE,20240315T104303,20240408T104304,2024-03-15,2024-04-08,24
DESCENDING_R69_F572,suarez_2024_2026_v1_DESCENDING_R69_F572,S1AA_20240327T104303_20240408T104304_VVP012_INT80_G_weF_75D6,20240327T104303,20240408T104304,2024-03-27,2024-04-08,12
DESCENDING_R69_F572,suarez_2024_2026_v1_DESCENDING_R69_F572,S1AA_20240327T104303_20240420T104304_VVP024_INT80_G_weF_D7DC,20240327T104303,20240420T104304,2024-03-27,2024-04-20,24
DESCENDING_R69_F572,suarez_2024_2026_v1_DESCENDING_R69_F572,S1AA_20240408T104304_20240420T104304_VVP012_INT80_G_weF_73BC,20240408T104304,20240420T104304,2024-04-08,2024-04-20,12
DESCENDING_R69_F572,suarez_2024_2026_v1_DESCENDING_R69_F572,S1AA_20240408T104304_20240502T104304_VVP024_INT80_G_weF_34A9,20240408T104304,20240502T104304,2024-04-08,2024-05-02,24
DESCENDING_R69_F572,suarez_2024_2026_v1_DESCENDING_R69_F572,S1AA_20240420T104304_20240502T104304_VVP012_INT80_G_weF_FDDA,20240420T104304,20240502T104304,2024-04-20,2024-05-02,12
DESCENDING_R69_F572,suarez_2024_2026_v1_DESCENDING_R69_F572,S1AA_20240420T104304_20240514T104304_VVP024_INT80_G_weF_AAF8,20240420T104304,20240514T104304,2024-04-20,2024-05-14,24
DESCENDING_R69_F572,suarez_2024_2026_v1_DESCENDING_R69_F572,S1AA_20240502T104304_20240514T104304_VVP012_INT80_G_weF_30DD,20240502T104304,20240514T104304,2024-05-02,2024-05-14,12
DESCENDING_R69_F572,suarez_2024_2026_v1_DESCENDING_R69_F572,S1AA_20240502T104304_20240526T104304_VVP024_INT80_G_weF_161B,20240502T104304,20240526T104304,2024-05-02,2024-05-26,24
DESCENDING_R69_F572,suarez_2024_2026_v1_DESCENDING_R69_F572,S1AA_20240514T104304_20240526T104304_VVP012_INT80_G_weF_D764,20240514T104304,20240526T104304,2024-05-14,2024-05-26,12
DESCENDING_R69_F572,suarez_2024_2026_v1_DESCENDING_R69_F572,S1AA_20240514T104304_20240607T104303_VVP024_INT80_G_weF_6454,20240514T104304,20240607T104303,2024-05-14,2024-06-07,24
DESCENDING_R69_F572,suarez_2024_2026_v1_DESCENDING_R69_F572,S1AA_20240526T104304_20240607T104303_VVP012_INT80_G_weF_0135,20240526T104304,20240607T104303,2024-05-26,2024-06-07,12
DESCENDING_R69_F572,suarez_2024_2026_v1_DESCENDING_R69_F572,S1AA_20240526T104304_20240619T104303_VVP024_INT80_G_weF_2319,20240526T104304,20240619T104303,2024-05-26,2024-06-19,24
DESCENDING_R69_F572,suarez_2024_2026_v1_DESCENDING_R69_F572,S1AA_20240607T104303_20240619T104303_VVP012_INT80_G_weF_F94F,20240607T104303,20240619T104303,2024-06-07,2024-06-19,12
DESCENDING_R69_F572,suarez_2024_2026_v1_DESCENDING_R69_F572,S1AA_20240607T104303_20240701T104302_VVP024_INT80_G_weF_2802,20240607T104303,20240701T104302,2024-06-07,2024-07-01,24
DESCENDING_R69_F572,suarez_2024_2026_v1_DESCENDING_R69_F572,S1AA_20240619T104303_20240701T104302_VVP012_INT80_G_weF_E3E5,20240619T104303,20240701T104302,2024-06-19,2024-07-01,12
DESCENDING_R69_F572,suarez_2024_2026_v1_DESCENDING_R69_F572,S1AA_20240619T104303_20240713T104302_VVP024_INT80_G_weF_FE64,20240619T104303,20240713T104302,2024-06-19,2024-07-13,24
DESCENDING_R69_F572,suarez_2024_2026_v1_DESCENDING_R69_F572,S1AA_20240701T104302_20240713T104302_VVP012_INT80_G_weF_8DF0,20240701T104302,20240713T104302,2024-07-01,2024-07-13,12
DESCENDING_R69_F572,suarez_2024_2026_v1_DESCENDING_R69_F572,S1AA_20240701T104302_20240725T104302_VVP024_INT80_G_weF_CEC4,20240701T104302,20240725T104302,2024-07-01,2024-07-25,24
DESCENDING_R69_F572,suarez_2024_2026_v1_DESCENDING_R69_F572,S1AA_20240713T104302_20240725T104302_VVP012_INT80_G_weF_132E,20240713T104302,20240725T104302,2024-07-13,2024-07-25,12
DESCENDING_R69_F572,suarez_2024_2026_v1_DESCENDING_R69_F572,S1AA_20240713T104302_20240818T104302_VVP036_INT80_G_weF_B653,20240713T104302,20240818T104302,2024-07-13,2024-08-18,36
DESCENDING_R69_F572,suarez_2024_2026_v1_DESCENDING_R69_F572,S1AA_20240725T104302_20240818T104302_VVP024_INT80_G_weF_63EC,20240725T104302,20240818T104302,2024-07-25,2024-08-18,24
DESCENDING_R69_F572,suarez_2024_2026_v1_DESCENDING_R69_F572,S1AA_20240725T104302_20240830T104302_VVP036_INT80_G_weF_ED43,20240725T104302,20240830T104302,2024-07-25,2024-08-30,36
DESCENDING_R69_F572,suarez_2024_2026_v1_DESCENDING_R69_F572,S1AA_20240818T104302_20240830T104302_VVP012_INT80_G_weF_B580,20240818T104302,20240830T104302,2024-08-18,2024-08-30,12
DESCENDING_R69_F572,suarez_2024_2026_v1_DESCENDING_R69_F572,S1AA_20240818T104302_20240911T104302_VVP024_INT80_G_weF_DEC7,20240818T104302,20240911T104302,2024-08-18,2024-09-11,24
DESCENDING_R69_F572,suarez_2024_2026_v1_DESCENDING_R69_F572,S1AA_20240830T104302_20240911T104302_VVP012_INT80_G_weF_D16E,20240830T104302,20240911T104302,2024-08-30,2024-09-11,12
DESCENDING_R69_F572,suarez_2024_2026_v1_DESCENDING_R69_F572,S1AA_20240830T104302_20240923T104303_VVP024_INT80_G_weF_71EF,20240830T104302,20240923T104303,2024-08-30,2024-09-23,24
DESCENDING_R69_F572,suarez_2024_2026_v1_DESCENDING_R69_F572,S1AA_20240911T104302_20240923T104303_VVP012_INT80_G_weF_3AB6,20240911T104302,20240923T104303,2024-09-11,2024-09-23,12
DESCENDING_R69_F572,suarez_2024_2026_v1_DESCENDING_R69_F572,S1AA_20240911T104302_20241005T104303_VVP024_INT80_G_weF_680B,20240911T104302,20241005T104303,2024-09-11,2024-10-05,24
DESCENDING_R69_F572,suarez_2024_2026_v1_DESCENDING_R69_F572,S1AA_20240923T104303_20241005T104303_VVP012_INT80_G_weF_A3B1,20240923T104303,20241005T104303,2024-09-23,2024-10-05,12
DESCENDING_R69_F572,suarez_2024_2026_v1_DESCENDING_R69_F572,S1AA_20240923T104303_20241017T104303_VVP024_INT80_G_weF_4F3C,20240923T104303,20241017T104303,2024-09-23,2024-10-17,24
DESCENDING_R69_F572,suarez_2024_2026_v1_DESCENDING_R69_F572,S1AA_20241005T104303_20241017T104303_VVP012_INT80_G_weF_0553,20241005T104303,20241017T104303,2024-10-05,2024-10-17,12
DESCENDING_R69_F572,suarez_2024_2026_v1_DESCENDING_R69_F572,S1AA_20241005T104303_20241029T104303_VVP024_INT80_G_weF_E447,20241005T104303,20241029T104303,2024-10-05,2024-10-29,24
DESCENDING_R69_F572,suarez_2024_2026_v1_DESCENDING_R69_F572,S1AA_20241017T104303_20241029T104303_VVP012_INT80_G_weF_DEBB,20241017T104303,20241029T104303,2024-10-17,2024-10-29,12
DESCENDING_R69_F572,suarez_2024_2026_v1_DESCENDING_R69_F572,S1AA_20241017T104303_20241110T104303_VVP024_INT80_G_weF_8E8D,20241017T104303,20241110T104303,2024-10-17,2024-11-10,24
DESCENDING_R69_F572,suarez_2024_2026_v1_DESCENDING_R69_F572,S1AA_20241029T104303_20241110T104303_VVP012_INT80_G_weF_BE6D,20241029T104303,20241110T104303,2024-10-29,2024-11-10,12
DESCENDING_R69_F572,suarez_2024_2026_v1_DESCENDING_R69_F572,S1AA_20241029T104303_20241204T104301_VVP036_INT80_G_weF_074F,20241029T104303,20241204T104301,2024-10-29,2024-12-04,36
DESCENDING_R69_F572,suarez_2024_2026_v1_DESCENDING_R69_F572,S1AA_20241110T104303_20241204T104301_VVP024_INT80_G_weF_0D88,20241110T104303,20241204T104301,2024-11-10,2024-12-04,24
DESCENDING_R69_F572,suarez_2024_2026_v1_DESCENDING_R69_F572,S1AA_20241110T104303_20241216T104300_VVP036_INT80_G_weF_04A6,20241110T104303,20241216T104300,2024-11-10,2024-12-16,36
DESCENDING_R69_F572,suarez_2024_2026_v1_DESCENDING_R69_F572,S1AA_20241204T104301_20241216T104300_VVP012_INT80_G_weF_7762,20241204T104301,20241216T104300,2024-12-04,2024-12-16,12
DESCENDING_R69_F572,suarez_2024_2026_v1_DESCENDING_R69_F572,S1AA_20241204T104301_20241228T104259_VVP024_INT80_G_weF_D428,20241204T104301,20241228T104259,2024-12-04,2024-12-28,24
DESCENDING_R69_F572,suarez_2024_2026_v1_DESCENDING_R69_F572,S1AA_20241216T104300_20241228T104259_VVP012_INT80_G_weF_534D,20241216T104300,20241228T104259,2024-12-16,2024-12-28,12
DESCENDING_R69_F572,suarez_2024_2026_v1_DESCENDING_R69_F572,S1AA_20241216T104300_20250109T104258_VVP024_INT80_G_weF_732C,20241216T104300,20250109T104258,2024-12-16,2025-01-09,24
DESCENDING_R69_F572,suarez_2024_2026_v1_DESCENDING_R69_F572,S1AA_20241228T104259_20250109T104258_VVP012_INT80_G_weF_1865,20241228T104259,20250109T104258,2024-12-28,2025-01-09,12
DESCENDING_R69_F572,suarez_2024_2026_v1_DESCENDING_R69_F572,S1AA_20241228T104259_20250121T104257_VVP024_INT80_G_weF_9C1A,20241228T104259,20250121T104257,2024-12-28,2025-01-21,24
DESCENDING_R69_F572,suarez_2024_2026_v1_DESCENDING_R69_F572,S1AA_20250109T104258_20250121T104257_VVP012_INT80_G_weF_3C48,20250109T104258,20250121T104257,2025-01-09,2025-01-21,12
DESCENDING_R69_F572,suarez_2024_2026_v1_DESCENDING_R69_F572,S1AA_20250109T104258_20250202T104256_VVP024_INT80_G_weF_A777,20250109T104258,20250202T104256,2025-01-09,2025-02-02,24
DESCENDING_R69_F572,suarez_2024_2026_v1_DESCENDING_R69_F572,S1AA_20250121T104257_20250202T104256_VVP012_INT80_G_weF_73C1,20250121T104257,20250202T104256,2025-01-21,2025-02-02,12
DESCENDING_R69_F572,suarez_2024_2026_v1_DESCENDING_R69_F572,S1AA_20250121T104257_20250214T104256_VVP024_INT80_G_weF_761A,20250121T104257,20250214T104256,2025-01-21,2025-02-14,24
DESCENDING_R69_F572,suarez_2024_2026_v1_DESCENDING_R69_F572,S1AA_20250202T104256_20250214T104256_VVP012_INT80_G_weF_3AD7,20250202T104256,20250214T104256,2025-02-02,2025-02-14,12
DESCENDING_R69_F572,suarez_2024_2026_v1_DESCENDING_R69_F572,S1AA_20250202T104256_20250226T104256_VVP024_INT80_G_weF_5ACB,20250202T104256,20250226T104256,2025-02-02,2025-02-26,24
DESCENDING_R69_F572,suarez_2024_2026_v1_DESCENDING_R69_F572,S1AA_20250214T104256_20250226T104256_VVP012_INT80_G_weF_8F85,20250214T104256,20250226T104256,2025-02-14,2025-02-26,12
DESCENDING_R69_F572,suarez_2024_2026_v1_DESCENDING_R69_F572,S1AA_20250214T104256_20250310T104256_VVP024_INT80_G_weF_0031,20250214T104256,20250310T104256,2025-02-14,2025-03-10,24
DESCENDING_R69_F572,suarez_2024_2026_v1_DESCENDING_R69_F572,S1AA_20250226T104256_20250310T104256_VVP012_INT80_G_weF_E749,20250226T104256,20250310T104256,2025-02-26,2025-03-10,12
DESCENDING_R69_F572,suarez_2024_2026_v1_DESCENDING_R69_F572,S1AA_20250226T104256_20250322T104256_VVP024_INT80_G_weF_9DB3,20250226T104256,20250322T104256,2025-02-26,2025-03-22,24
DESCENDING_R69_F572,suarez_2024_2026_v1_DESCENDING_R69_F572,S1AA_20250310T104256_20250322T104256_VVP012_INT80_G_weF_1424,20250310T104256,20250322T104256,2025-03-10,2025-03-22,12
DESCENDING_R69_F572,suarez_2024_2026_v1_DESCENDING_R69_F572,S1AA_20250310T104256_20250403T104257_VVP024_INT80_G_weF_7E4B,20250310T104256,20250403T104257,2025-03-10,2025-04-03,24
DESCENDING_R69_F572,suarez_2024_2026_v1_DESCENDING_R69_F572,S1AA_20250322T104256_20250403T104257_VVP012_INT80_G_weF_CE9B,20250322T104256,20250403T104257,2025-03-22,2025-04-03,12
DESCENDING_R69_F572,suarez_2024_2026_v1_DESCENDING_R69_F572,S1AA_20250322T104256_20250415T104256_VVP024_INT80_G_weF_C362,20250322T104256,20250415T104256,2025-03-22,2025-04-15,24
DESCENDING_R69_F572,suarez_2024_2026_v1_DESCENDING_R69_F572,S1AA_20250403T104257_20250415T104256_VVP012_INT80_G_weF_B115,20250403T104257,20250415T104256,2025-04-03,2025-04-15,12
DESCENDING_R69_F572,suarez_2024_2026_v1_DESCENDING_R69_F572,S1AA_20250415T104256_20250427T104257_VVP012_INT80_G_weF_113A,20250415T104256,20250427T104257,2025-04-15,2025-04-27,12
DESCENDING_R69_F572,suarez_2024_2026_v1_DESCENDING_R69_F572,S1AA_20250521T104256_20250602T104256_VVP012_INT80_G_weF_3497,20250521T104256,20250602T104256,2025-05-21,2025-06-02,12
DESCENDING_R69_F572,suarez_2024_2026_v1_DESCENDING_R69_F572,S1AA_20250602T104256_20250614T104255_VVP012_INT80_G_weF_0C88,20250602T104256,20250614T104255,2025-06-02,2025-06-14,12
DESCENDING_R69_F572,suarez_2024_2026_v1_DESCENDING_R69_F572,S1AA_20250614T104255_20250626T104254_VVP012_INT80_G_weF_DC36,20250614T104255,20250626T104254,2025-06-14,2025-06-26,12
DESCENDING_R69_F572,suarez_2024_2026_v1_DESCENDING_R69_F572,S1AA_20250626T104254_20250708T104254_VVP012_INT80_G_weF_E0A7,20250626T104254,20250708T104254,2025-06-26,2025-07-08,12
DESCENDING_R69_F572,suarez_2024_2026_v1_DESCENDING_R69_F572,S1AA_20250708T104254_20250720T104253_VVP012_INT80_G_weF_B732,20250708T104254,20250720T104253,2025-07-08,2025-07-20,12
DESCENDING_R69_F572,suarez_2024_2026_v1_DESCENDING_R69_F572,S1AA_20250720T104253_20250801T104253_VVP012_INT80_G_weF_579E,20250720T104253,20250801T104253,2025-07-20,2025-08-01,12
DESCENDING_R69_F572,suarez_2024_2026_v1_DESCENDING_R69_F572,S1AA_20250801T104253_20250813T104253_VVP012_INT80_G_weF_7BA2,20250801T104253,20250813T104253,2025-08-01,2025-08-13,12
DESCENDING_R69_F572,suarez_2024_2026_v1_DESCENDING_R69_F572,S1AA_20250813T104253_20250825T104253_VVP012_INT80_G_weF_14C8,20250813T104253,20250825T104253,2025-08-13,2025-08-25,12
DESCENDING_R69_F572,suarez_2024_2026_v1_DESCENDING_R69_F572,S1AA_20250825T104253_20250906T104253_VVP012_INT80_G_weF_1CCA,20250825T104253,20250906T104253,2025-08-25,2025-09-06,12
DESCENDING_R69_F572,suarez_2024_2026_v1_DESCENDING_R69_F572,S1AA_20250906T104253_20250918T104253_VVP012_INT80_G_weF_012C,20250906T104253,20250918T104253,2025-09-06,2025-09-18,12
DESCENDING_R69_F572,suarez_2024_2026_v1_DESCENDING_R69_F572,S1AA_20250918T104253_20250930T104253_VVP012_INT80_G_weF_6FA2,20250918T104253,20250930T104253,2025-09-18,2025-09-30,12
DESCENDING_R69_F572,suarez_2024_2026_v1_DESCENDING_R69_F572,S1AA_20250930T104253_20251012T104254_VVP012_INT80_G_weF_51C4,20250930T104253,20251012T104254,2025-09-30,2025-10-12,12
DESCENDING_R69_F572,suarez_2024_2026_v1_DESCENDING_R69_F572,S1AA_20251012T104254_20251024T104254_VVP012_INT80_G_weF_3D08,20251012T104254,20251024T104254,2025-10-12,2025-10-24,12
DESCENDING_R69_F572,suarez_2024_2026_v1_DESCENDING_R69_F572,S1AA_20251024T104254_20251105T104253_VVP012_INT80_G_weF_39CA,20251024T104254,20251105T104253,2025-10-24,2025-11-05,12
DESCENDING_R69_F572,suarez_2024_2026_v1_DESCENDING_R69_F572,S1AA_20251129T104252_20251211T104251_VVP012_INT80_G_weF_61A7,20251129T104252,20251211T104251,2025-11-29,2025-12-11,12
DESCENDING_R69_F572,suarez_2024_2026_v1_DESCENDING_R69_F572,S1AA_20251211T104251_20260104T104248_VVP024_INT80_G_weF_79A7,20251211T104251,20260104T104248,2025-12-11,2026-01-04,24
DESCENDING_R69_F572,suarez_2024_2026_v1_DESCENDING_R69_F572,S1AA_20260116T104247_20260128T104246_VVP012_INT80_G_weF_19B2,20260116T104247,20260128T104246,2026-01-16,2026-01-28,12
DESCENDING_R69_F572,suarez_2024_2026_v1_DESCENDING_R69_F572,S1AA_20260128T104246_20260209T104246_VVP012_INT80_G_weF_EA5F,20260128T104246,20260209T104246,2026-01-28,2026-02-09,12
DESCENDING_R69_F572,suarez_2024_2026_v1_DESCENDING_R69_F572,S1AA_20260209T104246_20260221T104245_VVP012_INT80_G_weF_8707,20260209T104246,20260221T104245,2026-02-09,2026-02-21,12
DESCENDING_R69_F572,suarez_2024_2026_v1_DESCENDING_R69_F572,S1AA_20260221T104245_20260305T104245_VVP012_INT80_G_weF_81CF,20260221T104245,20260305T104245,2026-02-21,2026-03-05,12
DESCENDING_R69_F572,suarez_2024_2026_v1_DESCENDING_R69_F572,S1AA_20260305T104245_20260317T104245_VVP012_INT80_G_weF_8D94,20260305T104245,20260317T104245,2026-03-05,2026-03-17,12
DESCENDING_R69_F572,suarez_2024_2026_v1_DESCENDING_R69_F572,S1AA_20260317T104245_20260329T104245_VVP012_INT80_G_weF_CECE,20260317T104245,20260329T104245,2026-03-17,2026-03-29,12
DESCENDING_R69_F572,suarez_2024_2026_v1_DESCENDING_R69_F572,S1AA_20260329T104245_20260410T104245_VVP012_INT80_G_weF_CC44,20260329T104245,20260410T104245,2026-03-29,2026-04-10,12
DESCENDING_R69_F572,suarez_2024_2026_v1_DESCENDING_R69_F572,S1AA_20260422T104245_20260504T104245_VVP012_INT80_G_weF_05D8,20260422T104245,20260504T104245,2026-04-22,2026-05-04,12
DESCENDING_R69_F572,suarez_2024_2026_v1_DESCENDING_R69_F572,S1AA_20260504T104245_20260516T104244_VVP012_INT80_G_weF_E082,20260504T104245,20260516T104244,2026-05-04,2026-05-16,12
DESCENDING_R69_F572,suarez_2024_2026_v1_DESCENDING_R69_F572,S1AA_20260516T104244_20260528T104244_VVP012_INT80_G_weF_6C3B,20260516T104244,20260528T104244,2026-05-16,2026-05-28,12
DESCENDING_R69_F572,suarez_2024_2026_v1_DESCENDING_R69_F572,S1AA_20260609T104243_20260621T104243_VVP012_INT80_G_weF_1504,20260609T104243,20260621T104243,2026-06-09,2026-06-21,12
DESCENDING_R69_F572,suarez_2024_2026_v1_DESCENDING_R69_F572,S1AC_20250403T104257_20250421T104144_VVP018_INT80_G_weF_0F98,20250403T104257,20250421T104144,2025-04-03,2025-04-21,18
DESCENDING_R69_F572,suarez_2024_2026_v1_DESCENDING_R69_F572,S1AC_20250415T104256_20250421T104144_VVP006_INT80_G_weF_EA52,20250415T104256,20250421T104144,2025-04-15,2025-04-21,6
DESCENDING_R69_F572,suarez_2024_2026_v1_DESCENDING_R69_F572,S1AC_20250427T104257_20250503T104145_VVP006_INT80_G_weF_9C0E,20250427T104257,20250503T104145,2025-04-27,2025-05-03,6
DESCENDING_R69_F572,suarez_2024_2026_v1_DESCENDING_R69_F572,S1AC_20250427T104257_20250515T104146_VVP018_INT80_G_weF_8B4B,20250427T104257,20250515T104146,2025-04-27,2025-05-15,18
DESCENDING_R69_F572,suarez_2024_2026_v1_DESCENDING_R69_F572,S1AC_20250521T104256_20250527T104147_VVP006_INT80_G_weF_F039,20250521T104256,20250527T104147,2025-05-21,2025-05-27,6
DESCENDING_R69_F572,suarez_2024_2026_v1_DESCENDING_R69_F572,S1AC_20250602T104256_20250608T104148_VVP006_INT80_G_weF_9170,20250602T104256,20250608T104148,2025-06-02,2025-06-08,6
DESCENDING_R69_F572,suarez_2024_2026_v1_DESCENDING_R69_F572,S1AC_20250614T104255_20250702T104149_VVP018_INT80_G_weF_B905,20250614T104255,20250702T104149,2025-06-14,2025-07-02,18
DESCENDING_R69_F572,suarez_2024_2026_v1_DESCENDING_R69_F572,S1AC_20250626T104254_20250702T104149_VVP006_INT80_G_weF_BE01,20250626T104254,20250702T104149,2025-06-26,2025-07-02,6
DESCENDING_R69_F572,suarez_2024_2026_v1_DESCENDING_R69_F572,S1AC_20250708T104254_20250714T104150_VVP006_INT80_G_weF_160A,20250708T104254,20250714T104150,2025-07-08,2025-07-14,6
DESCENDING_R69_F572,suarez_2024_2026_v1_DESCENDING_R69_F572,S1AC_20250720T104253_20250726T104151_VVP006_INT80_G_weF_B979,20250720T104253,20250726T104151,2025-07-20,2025-07-26,6
DESCENDING_R69_F572,suarez_2024_2026_v1_DESCENDING_R69_F572,S1AC_20250801T104253_20250807T104152_VVP006_INT80_G_weF_BC26,20250801T104253,20250807T104152,2025-08-01,2025-08-07,6
DESCENDING_R69_F572,suarez_2024_2026_v1_DESCENDING_R69_F572,S1AC_20250813T104253_20250819T104152_VVP006_INT80_G_weF_39B8,20250813T104253,20250819T104152,2025-08-13,2025-08-19,6
DESCENDING_R69_F572,suarez_2024_2026_v1_DESCENDING_R69_F572,S1AC_20250825T104253_20250831T104152_VVP006_INT80_G_weF_E0C2,20250825T104253,20250831T104152,2025-08-25,2025-08-31,6
DESCENDING_R69_F572,suarez_2024_2026_v1_DESCENDING_R69_F572,S1AC_20250906T104253_20250912T104153_VVP006_INT80_G_weF_594C,20250906T104253,20250912T104153,2025-09-06,2025-09-12,6
DESCENDING_R69_F572,suarez_2024_2026_v1_DESCENDING_R69_F572,S1AC_20250918T104253_20250924T104153_VVP006_INT80_G_weF_75C3,20250918T104253,20250924T104153,2025-09-18,2025-09-24,6
DESCENDING_R69_F572,suarez_2024_2026_v1_DESCENDING_R69_F572,S1AC_20250930T104253_20251006T104154_VVP006_INT80_G_weF_62BB,20250930T104253,20251006T104154,2025-09-30,2025-10-06,6
DESCENDING_R69_F572,suarez_2024_2026_v1_DESCENDING_R69_F572,S1AC_20251012T104254_20251018T104154_VVP006_INT80_G_weF_FE69,20251012T104254,20251018T104154,2025-10-12,2025-10-18,6
DESCENDING_R69_F572,suarez_2024_2026_v1_DESCENDING_R69_F572,S1AC_20251024T104254_20251030T104153_VVP006_INT80_G_weF_0AC9,20251024T104254,20251030T104153,2025-10-24,2025-10-30,6
DESCENDING_R69_F572,suarez_2024_2026_v1_DESCENDING_R69_F572,S1AC_20251105T104253_20251111T104153_VVP006_INT80_G_weF_98E8,20251105T104253,20251111T104153,2025-11-05,2025-11-11,6
DESCENDING_R69_F572,suarez_2024_2026_v1_DESCENDING_R69_F572,S1AC_20251105T104253_20251123T104152_VVP018_INT80_G_weF_48E7,20251105T104253,20251123T104152,2025-11-05,2025-11-23,18
DESCENDING_R69_F572,suarez_2024_2026_v1_DESCENDING_R69_F572,S1AC_20251129T104252_20251205T104152_VVP006_INT80_G_weF_485B,20251129T104252,20251205T104152,2025-11-29,2025-12-05,6
DESCENDING_R69_F572,suarez_2024_2026_v1_DESCENDING_R69_F572,S1AC_20260104T104248_20260122T104149_VVP018_INT80_G_weF_3693,20260104T104248,20260122T104149,2026-01-04,2026-01-22,18
DESCENDING_R69_F572,suarez_2024_2026_v1_DESCENDING_R69_F572,S1AC_20260116T104247_20260122T104149_VVP006_INT80_G_weF_BBF4,20260116T104247,20260122T104149,2026-01-16,2026-01-22,6
DESCENDING_R69_F572,suarez_2024_2026_v1_DESCENDING_R69_F572,S1AC_20260128T104246_20260203T104149_VVP006_INT80_G_weF_E54C,20260128T104246,20260203T104149,2026-01-28,2026-02-03,6
DESCENDING_R69_F572,suarez_2024_2026_v1_DESCENDING_R69_F572,S1AC_20260209T104246_20260215T104149_VVP006_INT80_G_weF_C916,20260209T104246,20260215T104149,2026-02-09,2026-02-15,6
DESCENDING_R69_F572,suarez_2024_2026_v1_DESCENDING_R69_F572,S1AC_20260221T104245_20260227T104149_VVP006_INT80_G_weF_4973,20260221T104245,20260227T104149,2026-02-21,2026-02-27,6
DESCENDING_R69_F572,suarez_2024_2026_v1_DESCENDING_R69_F572,S1AC_20260305T104245_20260311T104149_VVP006_INT80_G_weF_9736,20260305T104245,20260311T104149,2026-03-05,2026-03-11,6
DESCENDING_R69_F572,suarez_2024_2026_v1_DESCENDING_R69_F572,S1AC_20260317T104245_20260323T104149_VVP006_INT80_G_weF_B520,20260317T104245,20260323T104149,2026-03-17,2026-03-23,6
DESCENDING_R69_F572,suarez_2024_2026_v1_DESCENDING_R69_F572,S1AC_20260329T104245_20260404T104149_VVP006_INT80_G_weF_8E6D,20260329T104245,20260404T104149,2026-03-29,2026-04-04,6
DESCENDING_R69_F572,suarez_2024_2026_v1_DESCENDING_R69_F572,S1AC_20260410T104245_20260416T104150_VVP006_INT80_G_weF_D4B2,20260410T104245,20260416T104150,2026-04-10,2026-04-16,6
DESCENDING_R69_F572,suarez_2024_2026_v1_DESCENDING_R69_F572,S1AC_20260504T104245_20260522T104152_VVP018_INT80_G_weF_F198,20260504T104245,20260522T104152,2026-05-04,2026-05-22,18
DESCENDING_R69_F572,suarez_2024_2026_v1_DESCENDING_R69_F572,S1AC_20260516T104244_20260522T104152_VVP006_INT80_G_weF_94B2,20260516T104244,20260522T104152,2026-05-16,2026-05-22,6
DESCENDING_R69_F572,suarez_2024_2026_v1_DESCENDING_R69_F572,S1AC_20260528T104244_20260603T104153_VVP006_INT80_G_weF_246C,20260528T104244,20260603T104153,2026-05-28,2026-06-03,6
DESCENDING_R69_F572,suarez_2024_2026_v1_DESCENDING_R69_F572,S1AC_20260621T104243_20260704T104152_VVP013_INT80_G_weF_1DB0,20260621T104243,20260704T104152,2026-06-21,2026-07-04,13
DESCENDING_R69_F572,suarez_2024_2026_v1_DESCENDING_R69_F572,S1AD_20260410T104245_20260417T104200_VVP007_INT80_G_weF_9811,20260410T104245,20260417T104200,2026-04-10,2026-04-17,7
DESCENDING_R69_F572,suarez_2024_2026_v1_DESCENDING_R69_F572,S1AD_20260422T104245_20260429T104200_VVP007_INT80_G_weF_DCB4,20260422T104245,20260429T104200,2026-04-22,2026-04-29,7
DESCENDING_R69_F572,suarez_2024_2026_v1_DESCENDING_R69_F572,S1AD_20260528T104244_20260604T104203_VVP007_INT80_G_weF_6636,20260528T104244,20260604T104203,2026-05-28,2026-06-04,7
DESCENDING_R69_F572,suarez_2024_2026_v1_DESCENDING_R69_F572,S1AD_20260609T104243_20260616T104204_VVP007_INT80_G_weF_DC59,20260609T104243,20260616T104204,2026-06-09,2026-06-16,7
DESCENDING_R69_F572,suarez_2024_2026_v1_DESCENDING_R69_F572,S1AD_20260621T104243_20260628T104202_VVP007_INT80_G_weF_8597,20260621T104243,20260628T104202,2026-06-21,2026-06-28,7
DESCENDING_R69_F572,suarez_2024_2026_v1_DESCENDING_R69_F572,S1CA_20250421T104144_20250427T104257_VVP006_INT80_G_weF_A5A4,20250421T104144,20250427T104257,2025-04-21,2025-04-27,6
DESCENDING_R69_F572,suarez_2024_2026_v1_DESCENDING_R69_F572,S1CA_20250503T104145_20250521T104256_VVP018_INT80_G_weF_E392,20250503T104145,20250521T104256,2025-05-03,2025-05-21,18
DESCENDING_R69_F572,suarez_2024_2026_v1_DESCENDING_R69_F572,S1CA_20250515T104146_20250521T104256_VVP006_INT80_G_weF_708C,20250515T104146,20250521T104256,2025-05-15,2025-05-21,6
DESCENDING_R69_F572,suarez_2024_2026_v1_DESCENDING_R69_F572,S1CA_20250527T104147_20250602T104256_VVP006_INT80_G_weF_EB13,20250527T104147,20250602T104256,2025-05-27,2025-06-02,6
DESCENDING_R69_F572,suarez_2024_2026_v1_DESCENDING_R69_F572,S1CA_20250608T104148_20250614T104255_VVP006_INT80_G_weF_DD36,20250608T104148,20250614T104255,2025-06-08,2025-06-14,6
DESCENDING_R69_F572,suarez_2024_2026_v1_DESCENDING_R69_F572,S1CA_20250608T104148_20250626T104254_VVP018_INT80_G_weF_B21B,20250608T104148,20250626T104254,2025-06-08,2025-06-26,18
DESCENDING_R69_F572,suarez_2024_2026_v1_DESCENDING_R69_F572,S1CA_20250702T104149_20250708T104254_VVP006_INT80_G_weF_769B,20250702T104149,20250708T104254,2025-07-02,2025-07-08,6
DESCENDING_R69_F572,suarez_2024_2026_v1_DESCENDING_R69_F572,S1CA_20250714T104150_20250720T104253_VVP006_INT80_G_weF_84F1,20250714T104150,20250720T104253,2025-07-14,2025-07-20,6
DESCENDING_R69_F572,suarez_2024_2026_v1_DESCENDING_R69_F572,S1CA_20250726T104151_20250801T104253_VVP006_INT80_G_weF_6DB9,20250726T104151,20250801T104253,2025-07-26,2025-08-01,6
DESCENDING_R69_F572,suarez_2024_2026_v1_DESCENDING_R69_F572,S1CA_20250807T104152_20250813T104253_VVP006_INT80_G_weF_9F38,20250807T104152,20250813T104253,2025-08-07,2025-08-13,6
DESCENDING_R69_F572,suarez_2024_2026_v1_DESCENDING_R69_F572,S1CA_20250819T104152_20250825T104253_VVP006_INT80_G_weF_A979,20250819T104152,20250825T104253,2025-08-19,2025-08-25,6
DESCENDING_R69_F572,suarez_2024_2026_v1_DESCENDING_R69_F572,S1CA_20250831T104152_20250906T104253_VVP006_INT80_G_weF_1474,20250831T104152,20250906T104253,2025-08-31,2025-09-06,6
DESCENDING_R69_F572,suarez_2024_2026_v1_DESCENDING_R69_F572,S1CA_20250912T104153_20250918T104253_VVP006_INT80_G_weF_BD09,20250912T104153,20250918T104253,2025-09-12,2025-09-18,6
DESCENDING_R69_F572,suarez_2024_2026_v1_DESCENDING_R69_F572,S1CA_20250924T104153_20250930T104253_VVP006_INT80_G_weF_81CA,20250924T104153,20250930T104253,2025-09-24,2025-09-30,6
DESCENDING_R69_F572,suarez_2024_2026_v1_DESCENDING_R69_F572,S1CA_20251006T104154_20251012T104254_VVP006_INT80_G_weF_3302,20251006T104154,20251012T104254,2025-10-06,2025-10-12,6
DESCENDING_R69_F572,suarez_2024_2026_v1_DESCENDING_R69_F572,S1CA_20251018T104154_20251024T104254_VVP006_INT80_G_weF_CA15,20251018T104154,20251024T104254,2025-10-18,2025-10-24,6
DESCENDING_R69_F572,suarez_2024_2026_v1_DESCENDING_R69_F572,S1CA_20251030T104153_20251105T104253_VVP006_INT80_G_weF_A60B,20251030T104153,20251105T104253,2025-10-30,2025-11-05,6
DESCENDING_R69_F572,suarez_2024_2026_v1_DESCENDING_R69_F572,S1CA_20251111T104153_20251129T104252_VVP018_INT80_G_weF_3A99,20251111T104153,20251129T104252,2025-11-11,2025-11-29,18
DESCENDING_R69_F572,suarez_2024_2026_v1_DESCENDING_R69_F572,S1CA_20251123T104152_20251129T104252_VVP006_INT80_G_weF_0735,20251123T104152,20251129T104252,2025-11-23,2025-11-29,6
DESCENDING_R69_F572,suarez_2024_2026_v1_DESCENDING_R69_F572,S1CA_20251205T104152_20251211T104251_VVP006_INT80_G_weF_556B,20251205T104152,20251211T104251,2025-12-05,2025-12-11,6
DESCENDING_R69_F572,suarez_2024_2026_v1_DESCENDING_R69_F572,S1CA_20251229T104151_20260116T104247_VVP018_INT80_G_weF_B6F5,20251229T104151,20260116T104247,2025-12-29,2026-01-16,18
DESCENDING_R69_F572,suarez_2024_2026_v1_DESCENDING_R69_F572,S1CA_20260122T104149_20260128T104246_VVP006_INT80_G_weF_92A4,20260122T104149,20260128T104246,2026-01-22,2026-01-28,6
DESCENDING_R69_F572,suarez_2024_2026_v1_DESCENDING_R69_F572,S1CA_20260203T104149_20260209T104246_VVP006_INT80_G_weF_344D,20260203T104149,20260209T104246,2026-02-03,2026-02-09,6
DESCENDING_R69_F572,suarez_2024_2026_v1_DESCENDING_R69_F572,S1CA_20260215T104149_20260221T104245_VVP006_INT80_G_weF_FC8B,20260215T104149,20260221T104245,2026-02-15,2026-02-21,6
DESCENDING_R69_F572,suarez_2024_2026_v1_DESCENDING_R69_F572,S1CA_20260227T104149_20260305T104245_VVP006_INT80_G_weF_2E9E,20260227T104149,20260305T104245,2026-02-27,2026-03-05,6
DESCENDING_R69_F572,suarez_2024_2026_v1_DESCENDING_R69_F572,S1CA_20260311T104149_20260317T104245_VVP006_INT80_G_weF_4697,20260311T104149,20260317T104245,2026-03-11,2026-03-17,6
DESCENDING_R69_F572,suarez_2024_2026_v1_DESCENDING_R69_F572,S1CA_20260323T104149_20260329T104245_VVP006_INT80_G_weF_8A60,20260323T104149,20260329T104245,2026-03-23,2026-03-29,6
DESCENDING_R69_F572,suarez_2024_2026_v1_DESCENDING_R69_F572,S1CA_20260404T104149_20260410T104245_VVP006_INT80_G_weF_8C00,20260404T104149,20260410T104245,2026-04-04,2026-04-10,6
DESCENDING_R69_F572,suarez_2024_2026_v1_DESCENDING_R69_F572,S1CA_20260416T104150_20260422T104245_VVP006_INT80_G_weF_7FE2,20260416T104150,20260422T104245,2026-04-16,2026-04-22,6
DESCENDING_R69_F572,suarez_2024_2026_v1_DESCENDING_R69_F572,S1CA_20260522T104152_20260528T104244_VVP006_INT80_G_weF_464A,20260522T104152,20260528T104244,2026-05-22,2026-05-28,6
DESCENDING_R69_F572,suarez_2024_2026_v1_DESCENDING_R69_F572,S1CA_20260603T104153_20260609T104243_VVP006_INT80_G_weF_2954,20260603T104153,20260609T104243,2026-06-03,2026-06-09,6
DESCENDING_R69_F572,suarez_2024_2026_v1_DESCENDING_R69_F572,S1CC_20250421T104144_20250503T104145_VVP012_INT80_G_weF_F6E1,20250421T104144,20250503T104145,2025-04-21,2025-05-03,12
DESCENDING_R69_F572,suarez_2024_2026_v1_DESCENDING_R69_F572,S1CC_20250503T104145_20250515T104146_VVP012_INT80_G_weF_6FBC,20250503T104145,20250515T104146,2025-05-03,2025-05-15,12
DESCENDING_R69_F572,suarez_2024_2026_v1_DESCENDING_R69_F572,S1CC_20250515T104146_20250527T104147_VVP012_INT80_G_weF_BE60,20250515T104146,20250527T104147,2025-05-15,2025-05-27,12
DESCENDING_R69_F572,suarez_2024_2026_v1_DESCENDING_R69_F572,S1CC_20250527T104147_20250608T104148_VVP012_INT80_G_weF_B919,20250527T104147,20250608T104148,2025-05-27,2025-06-08,12
DESCENDING_R69_F572,suarez_2024_2026_v1_DESCENDING_R69_F572,S1CC_20250702T104149_20250714T104150_VVP012_INT80_G_weF_F566,20250702T104149,20250714T104150,2025-07-02,2025-07-14,12
DESCENDING_R69_F572,suarez_2024_2026_v1_DESCENDING_R69_F572,S1CC_20250714T104150_20250726T104151_VVP012_INT80_G_weF_1B5B,20250714T104150,20250726T104151,2025-07-14,2025-07-26,12
DESCENDING_R69_F572,suarez_2024_2026_v1_DESCENDING_R69_F572,S1CC_20250726T104151_20250807T104152_VVP012_INT80_G_weF_1EA4,20250726T104151,20250807T104152,2025-07-26,2025-08-07,12
DESCENDING_R69_F572,suarez_2024_2026_v1_DESCENDING_R69_F572,S1CC_20250807T104152_20250819T104152_VVP012_INT80_G_weF_0444,20250807T104152,20250819T104152,2025-08-07,2025-08-19,12
DESCENDING_R69_F572,suarez_2024_2026_v1_DESCENDING_R69_F572,S1CC_20250819T104152_20250831T104152_VVP012_INT80_G_weF_F9B6,20250819T104152,20250831T104152,2025-08-19,2025-08-31,12
DESCENDING_R69_F572,suarez_2024_2026_v1_DESCENDING_R69_F572,S1CC_20250831T104152_20250912T104153_VVP012_INT80_G_weF_ED2D,20250831T104152,20250912T104153,2025-08-31,2025-09-12,12
DESCENDING_R69_F572,suarez_2024_2026_v1_DESCENDING_R69_F572,S1CC_20250912T104153_20250924T104153_VVP012_INT80_G_weF_3E8E,20250912T104153,20250924T104153,2025-09-12,2025-09-24,12
DESCENDING_R69_F572,suarez_2024_2026_v1_DESCENDING_R69_F572,S1CC_20250924T104153_20251006T104154_VVP012_INT80_G_weF_9B31,20250924T104153,20251006T104154,2025-09-24,2025-10-06,12
DESCENDING_R69_F572,suarez_2024_2026_v1_DESCENDING_R69_F572,S1CC_20251006T104154_20251018T104154_VVP012_INT80_G_weF_7B6D,20251006T104154,20251018T104154,2025-10-06,2025-10-18,12
DESCENDING_R69_F572,suarez_2024_2026_v1_DESCENDING_R69_F572,S1CC_20251018T104154_20251030T104153_VVP012_INT80_G_weF_D683,20251018T104154,20251030T104153,2025-10-18,2025-10-30,12
DESCENDING_R69_F572,suarez_2024_2026_v1_DESCENDING_R69_F572,S1CC_20251030T104153_20251111T104153_VVP012_INT80_G_weF_493A,20251030T104153,20251111T104153,2025-10-30,2025-11-11,12
DESCENDING_R69_F572,suarez_2024_2026_v1_DESCENDING_R69_F572,S1CC_20251111T104153_20251123T104152_VVP012_INT80_G_weF_61AF,20251111T104153,20251123T104152,2025-11-11,2025-11-23,12
DESCENDING_R69_F572,suarez_2024_2026_v1_DESCENDING_R69_F572,S1CC_20251205T104152_20251229T104151_VVP024_INT80_G_weF_0C33,20251205T104152,20251229T104151,2025-12-05,2025-12-29,24
DESCENDING_R69_F572,suarez_2024_2026_v1_DESCENDING_R69_F572,S1CC_20260122T104149_20260203T104149_VVP012_INT80_G_weF_80E9,20260122T104149,20260203T104149,2026-01-22,2026-02-03,12
DESCENDING_R69_F572,suarez_2024_2026_v1_DESCENDING_R69_F572,S1CC_20260203T104149_20260215T104149_VVP012_INT80_G_weF_3D9D,20260203T104149,20260215T104149,2026-02-03,2026-02-15,12
DESCENDING_R69_F572,suarez_2024_2026_v1_DESCENDING_R69_F572,S1CC_20260215T104149_20260227T104149_VVP012_INT80_G_weF_8D79,20260215T104149,20260227T104149,2026-02-15,2026-02-27,12
DESCENDING_R69_F572,suarez_2024_2026_v1_DESCENDING_R69_F572,S1CC_20260227T104149_20260311T104149_VVP012_INT80_G_weF_555A,20260227T104149,20260311T104149,2026-02-27,2026-03-11,12
DESCENDING_R69_F572,suarez_2024_2026_v1_DESCENDING_R69_F572,S1CC_20260311T104149_20260323T104149_VVP012_INT80_G_weF_2ED5,20260311T104149,20260323T104149,2026-03-11,2026-03-23,12
DESCENDING_R69_F572,suarez_2024_2026_v1_DESCENDING_R69_F572,S1CC_20260323T104149_20260404T104149_VVP012_INT80_G_weF_1B63,20260323T104149,20260404T104149,2026-03-23,2026-04-04,12
DESCENDING_R69_F572,suarez_2024_2026_v1_DESCENDING_R69_F572,S1CC_20260404T104149_20260416T104150_VVP012_INT80_G_weF_1A3E,20260404T104149,20260416T104150,2026-04-04,2026-04-16,12
DESCENDING_R69_F572,suarez_2024_2026_v1_DESCENDING_R69_F572,S1CC_20260522T104152_20260603T104153_VVP012_INT80_G_weF_0799,20260522T104152,20260603T104153,2026-05-22,2026-06-03,12
DESCENDING_R69_F572,suarez_2024_2026_v1_DESCENDING_R69_F572,S1CC_20260704T104152_20260716T104152_VVP012_INT80_G_weF_29A1,20260704T104152,20260716T104152,2026-07-04,2026-07-16,12
DESCENDING_R69_F572,suarez_2024_2026_v1_DESCENDING_R69_F572,S1CC_20260716T104152_20260728T104153_VVP012_INT80_G_weF_E199,20260716T104152,20260728T104153,2026-07-16,2026-07-28,12
DESCENDING_R69_F572,suarez_2024_2026_v1_DESCENDING_R69_F572,S1CC_20260728T104153_20260809T104154_VVP012_INT80_G_weF_53B8,20260728T104153,20260809T104154,2026-07-28,2026-08-09,12
DESCENDING_R69_F572,suarez_2024_2026_v1_DESCENDING_R69_F572,S1CC_20260728T104153_20260821T104154_VVP024_INT80_G_weF_FBCB,20260728T104153,20260821T104154,2026-07-28,2026-08-21,24
DESCENDING_R69_F572,suarez_2024_2026_v1_DESCENDING_R69_F572,S1CC_20260809T104154_20260821T104154_VVP012_INT80_G_weF_B1CE,20260809T104154,20260821T104154,2026-08-09,2026-08-21,12
DESCENDING_R69_F572,suarez_2024_2026_v1_DESCENDING_R69_F572,S1CC_20260809T104154_20260914T104155_VVR036_INT80_G_weF_BDBF,20260809T104154,20260914T104155,2026-08-09,2026-09-14,36
DESCENDING_R69_F572,suarez_2024_2026_v1_DESCENDING_R69_F572,S1CC_20260821T104154_20260914T104155_VVR024_INT80_G_weF_B61A,20260821T104154,20260914T104155,2026-08-21,2026-09-14,24
DESCENDING_R69_F572,suarez_2024_2026_v1_DESCENDING_R69_F572,S1CD_20260416T104150_20260417T104200_VVP001_INT80_G_weF_AA71,20260416T104150,20260417T104200,2026-04-16,2026-04-17,1
DESCENDING_R69_F572,suarez_2024_2026_v1_DESCENDING_R69_F572,S1CD_20260603T104153_20260604T104203_VVP001_INT80_G_weF_65B8,20260603T104153,20260604T104203,2026-06-03,2026-06-04,1
DESCENDING_R69_F572,suarez_2024_2026_v1_DESCENDING_R69_F572,S1CD_20260704T104152_20260710T104202_VVP006_INT80_G_weF_CE7A,20260704T104152,20260710T104202,2026-07-04,2026-07-10,6
DESCENDING_R69_F572,suarez_2024_2026_v1_DESCENDING_R69_F572,S1CD_20260716T104152_20260722T104203_VVP006_INT80_G_weF_6529,20260716T104152,20260722T104203,2026-07-16,2026-07-22,6
DESCENDING_R69_F572,suarez_2024_2026_v1_DESCENDING_R69_F572,S1DA_20260417T104200_20260422T104245_VVP005_INT80_G_weF_FF27,20260417T104200,20260422T104245,2026-04-17,2026-04-22,5
DESCENDING_R69_F572,suarez_2024_2026_v1_DESCENDING_R69_F572,S1DA_20260429T104200_20260504T104245_VVP005_INT80_G_weF_6136,20260429T104200,20260504T104245,2026-04-29,2026-05-04,5
DESCENDING_R69_F572,suarez_2024_2026_v1_DESCENDING_R69_F572,S1DA_20260429T104200_20260516T104244_VVP017_INT80_G_weF_6BB1,20260429T104200,20260516T104244,2026-04-29,2026-05-16,17
DESCENDING_R69_F572,suarez_2024_2026_v1_DESCENDING_R69_F572,S1DA_20260604T104203_20260609T104243_VVP005_INT80_G_weF_D017,20260604T104203,20260609T104243,2026-06-04,2026-06-09,5
DESCENDING_R69_F572,suarez_2024_2026_v1_DESCENDING_R69_F572,S1DA_20260616T104204_20260621T104243_VVP005_INT80_G_weF_65FE,20260616T104204,20260621T104243,2026-06-16,2026-06-21,5
DESCENDING_R69_F572,suarez_2024_2026_v1_DESCENDING_R69_F572,S1DC_20260628T104202_20260704T104152_VVP006_INT80_G_weF_BC0A,20260628T104202,20260704T104152,2026-06-28,2026-07-04,6
DESCENDING_R69_F572,suarez_2024_2026_v1_DESCENDING_R69_F572,S1DC_20260710T104202_20260716T104152_VVP006_INT80_G_weF_E669,20260710T104202,20260716T104152,2026-07-10,2026-07-16,6
DESCENDING_R69_F572,suarez_2024_2026_v1_DESCENDING_R69_F572,S1DC_20260722T104203_20260728T104153_VVP006_INT80_G_weF_0409,20260722T104203,20260728T104153,2026-07-22,2026-07-28,6
DESCENDING_R69_F572,suarez_2024_2026_v1_DESCENDING_R69_F572,S1DC_20260722T104203_20260809T104154_VVP018_INT80_G_weF_F8EA,20260722T104203,20260809T104154,2026-07-22,2026-08-09,18
DESCENDING_R69_F572,suarez_2024_2026_v1_DESCENDING_R69_F572,S1DD_20260417T104200_20260429T104200_VVP012_INT80_G_weF_D3F5,20260417T104200,20260429T104200,2026-04-17,2026-04-29,12
DESCENDING_R69_F572,suarez_2024_2026_v1_DESCENDING_R69_F572,S1DD_20260604T104203_20260616T104204_VVP012_INT80_G_weF_92AD,20260604T104203,20260616T104204,2026-06-04,2026-06-16,12
DESCENDING_R69_F572,suarez_2024_2026_v1_DESCENDING_R69_F572,S1DD_20260616T104204_20260628T104202_VVP012_INT80_G_weF_1E69,20260616T104204,20260628T104202,2026-06-16,2026-06-28,12
DESCENDING_R69_F572,suarez_2024_2026_v1_DESCENDING_R69_F572,S1DD_20260628T104202_20260710T104202_VVP012_INT80_G_weF_A98E,20260628T104202,20260710T104202,2026-06-28,2026-07-10,12
DESCENDING_R69_F572,suarez_2024_2026_v1_DESCENDING_R69_F572,S1DD_20260710T104202_20260722T104203_VVP012_INT80_G_weF_81FD,20260710T104202,20260722T104203,2026-07-10,2026-07-22,12
