sitio,lat,lon,inicio,fin,anios,dias,%_dias,huecos,dias_hueco,saltos,vE_mm,sE_mm,factor_E,atipicos_E,vN_mm,sN_mm,factor_N,atipicos_N,vU_mm,sU_mm,factor_U,atipicos_U
CHRL,6.287477,-73.156451,2024-07-25,2025-12-31,1.43,458,45.6,1,46,2,3.31,0.97,1.78,4,9.36,0.72,1.3,4,-4.07,3.03,1.46,10
SUAM,5.709874625,-72.92469695,2024-01-01,2025-12-31,2.0,417,41.5,4,160,1,1.01,0.47,1.41,3,10.54,0.35,1.35,3,-5.02,1.54,1.53,5
VMES,6.88333419,-73.09168234,2024-01-01,2025-12-31,2.0,316,31.5,5,349,1,3.15,0.21,1.0,2,12.37,0.23,1.08,5,-4.29,0.74,1.11,2
VELZ,5.957135,-73.646586,2024-05-07,2025-12-31,1.65,500,49.8,2,68,1,4.05,0.48,2.03,5,11.7,0.44,1.67,4,-7.13,1.29,1.46,3
FLRN,5.807812,-73.971958,2024-12-27,2025-12-31,1.01,312,31.1,1,46,1,15.7,2.35,2.32,0,-12.45,4.0,3.45,0,-3.09,2.31,1.0,2
VBUV,5.533208338,-73.85893524,2024-01-01,2025-12-31,2.0,193,19.2,4,416,1,4.33,0.52,1.32,1,7.89,0.97,2.18,8,9.68,2.73,1.95,4
TUNA,5.531330417,-73.36388193,2024-01-01,2025-12-31,2.0,665,66.2,1,46,1,1.64,0.17,1.43,1,12.22,0.35,2.66,4,-4.85,0.84,1.96,4
AGTU,5.519884547,-73.37370225,2024-01-01,2025-06-15,1.45,211,21.0,3,255,1,2.84,0.25,1.0,6,10.2,0.56,2.11,2,-6.74,0.85,1.0,7
OAMU,5.647208907,-73.55802943,2024-01-01,2025-06-15,1.45,175,17.4,3,281,1,3.74,0.38,1.0,4,8.47,0.61,1.74,8,-6.37,1.26,1.0,1
TEAT,5.421783709,-73.53931227,2024-01-01,2025-12-31,2.0,113,11.3,6,528,1,1.48,0.33,1.0,1,11.68,0.35,1.0,3,-5.12,1.14,1.0,1
FQNE,5.467344957,-73.73480849,2024-01-01,2025-12-31,2.0,599,59.7,2,63,1,2.36,0.24,1.58,9,12.29,0.32,2.07,9,-4.59,1.55,2.41,61
